,0,1,2,3,4,5,6,7,8,9,10,11,12,13,14,15,16,17,18,19,20,21,22,23,24,25,26,27,28,29,30,31,32,33,34,35,36,37,38,39,40,41,42,43,44,45,46,47,48,49,50,51,52,53,54,55,56,57,58,59,60,61,62,63
0,0.595,0.525,0.465,0.433,0.408,0.383,0.363,0.348,0.328,0.313,0.296,0.282,0.267,0.253,0.238,0.224,0.211,0.195,0.184,0.171,0.157,0.143,0.128,0.116,0.101,0.085,0.069,0.051,0.034,0.015,-0.004,-0.023,-0.042,-0.059,-0.075,-0.091,-0.103,-0.117,-0.127,-0.139,-0.149,-0.158,-0.167,-0.175,-0.183,-0.194,-0.201,-0.209,-0.218,-0.225,-0.234,-0.24,-0.248,-0.256,-0.264,-0.273,-0.28,-0.289,-0.297,-0.305,-0.316,-0.327,-0.339,-0.353
1,0.697,0.645,0.579,0.54,0.509,0.481,0.456,0.432,0.407,0.389,0.368,0.349,0.33,0.309,0.291,0.274,0.257,0.238,0.221,0.203,0.186,0.17,0.154,0.137,0.119,0.104,0.086,0.068,0.051,0.032,0.013,-0.007,-0.026,-0.045,-0.063,-0.08,-0.094,-0.108,-0.122,-0.137,-0.148,-0.161,-0.174,-0.183,-0.195,-0.205,-0.216,-0.226,-0.238,-0.246,-0.259,-0.267,-0.279,-0.287,-0.296,-0.306,-0.316,-0.325,-0.333,-0.344,-0.353,-0.362,-0.372,-0.384
2,0.74,0.69,0.639,0.597,0.562,0.529,0.499,0.471,0.446,0.423,0.401,0.379,0.357,0.336,0.314,0.296,0.28,0.259,0.24,0.221,0.203,0.186,0.168,0.149,0.131,0.114,0.097,0.079,0.06,0.042,0.022,0.003,-0.017,-0.037,-0.056,-0.073,-0.09,-0.105,-0.119,-0.133,-0.146,-0.16,-0.172,-0.186,-0.199,-0.209,-0.22,-0.232,-0.244,-0.255,-0.265,-0.276,-0.287,-0.295,-0.307,-0.317,-0.326,-0.336,-0.345,-0.355,-0.364,-0.374,-0.385,-0.398
3,0.755,0.708,0.663,0.624,0.583,0.546,0.516,0.487,0.461,0.438,0.414,0.391,0.37,0.349,0.327,0.306,0.289,0.269,0.251,0.23,0.213,0.194,0.175,0.157,0.139,0.121,0.103,0.084,0.067,0.048,0.028,0.009,-0.011,-0.031,-0.05,-0.068,-0.085,-0.101,-0.115,-0.129,-0.145,-0.156,-0.17,-0.184,-0.196,-0.208,-0.22,-0.232,-0.244,-0.254,-0.266,-0.275,-0.287,-0.298,-0.306,-0.317,-0.327,-0.335,-0.346,-0.355,-0.364,-0.375,-0.386,-0.398
4,0.775,0.731,0.69,0.651,0.613,0.574,0.542,0.513,0.486,0.459,0.435,0.412,0.389,0.369,0.347,0.325,0.305,0.284,0.265,0.245,0.226,0.206,0.187,0.168,0.15,0.13,0.112,0.092,0.075,0.056,0.036,0.017,-0.003,-0.024,-0.043,-0.062,-0.08,-0.097,-0.112,-0.128,-0.142,-0.156,-0.171,-0.184,-0.196,-0.208,-0.221,-0.234,-0.246,-0.258,-0.269,-0.281,-0.291,-0.304,-0.314,-0.323,-0.332,-0.343,-0.351,-0.362,-0.372,-0.382,-0.392,-0.405
5,0.789,0.749,0.709,0.672,0.635,0.6,0.567,0.538,0.511,0.481,0.458,0.434,0.409,0.388,0.363,0.34,0.321,0.298,0.278,0.258,0.237,0.217,0.197,0.179,0.16,0.139,0.12,0.101,0.082,0.062,0.043,0.023,0.003,-0.017,-0.036,-0.056,-0.074,-0.093,-0.108,-0.124,-0.14,-0.154,-0.169,-0.184,-0.196,-0.209,-0.221,-0.235,-0.247,-0.259,-0.271,-0.282,-0.293,-0.303,-0.314,-0.324,-0.336,-0.346,-0.355,-0.364,-0.374,-0.384,-0.395,-0.407
6,0.799,0.761,0.724,0.688,0.658,0.626,0.593,0.562,0.532,0.507,0.475,0.449,0.425,0.399,0.377,0.354,0.331,0.31,0.289,0.269,0.246,0.227,0.207,0.188,0.169,0.15,0.128,0.109,0.09,0.07,0.05,0.029,0.01,-0.011,-0.032,-0.05,-0.07,-0.088,-0.104,-0.12,-0.137,-0.151,-0.167,-0.182,-0.195,-0.208,-0.222,-0.234,-0.247,-0.257,-0.271,-0.281,-0.293,-0.302,-0.315,-0.324,-0.334,-0.345,-0.354,-0.365,-0.374,-0.385,-0.395,-0.406
7,0.796,0.759,0.724,0.69,0.656,0.623,0.593,0.561,0.531,0.501,0.474,0.449,0.423,0.401,0.377,0.354,0.334,0.313,0.291,0.27,0.25,0.233,0.212,0.192,0.172,0.153,0.133,0.114,0.095,0.075,0.054,0.034,0.013,-0.007,-0.028,-0.048,-0.068,-0.085,-0.103,-0.12,-0.135,-0.151,-0.166,-0.179,-0.192,-0.203,-0.216,-0.23,-0.241,-0.254,-0.265,-0.275,-0.286,-0.296,-0.307,-0.318,-0.328,-0.337,-0.346,-0.357,-0.367,-0.376,-0.387,-0.4
8,0.814,0.78,0.75,0.72,0.689,0.658,0.627,0.595,0.564,0.534,0.504,0.478,0.452,0.428,0.405,0.379,0.356,0.333,0.312,0.289,0.269,0.247,0.227,0.207,0.186,0.166,0.146,0.126,0.106,0.086,0.065,0.045,0.024,0.003,-0.018,-0.039,-0.059,-0.078,-0.096,-0.115,-0.132,-0.147,-0.162,-0.177,-0.191,-0.204,-0.219,-0.231,-0.244,-0.256,-0.267,-0.28,-0.29,-0.302,-0.312,-0.321,-0.331,-0.343,-0.353,-0.362,-0.373,-0.383,-0.394,-0.407
9,0.824,0.791,0.762,0.736,0.707,0.676,0.647,0.616,0.586,0.557,0.527,0.499,0.472,0.445,0.42,0.397,0.372,0.35,0.327,0.304,0.281,0.261,0.239,0.217,0.197,0.175,0.156,0.135,0.114,0.093,0.072,0.052,0.031,0.01,-0.011,-0.033,-0.052,-0.073,-0.091,-0.108,-0.126,-0.143,-0.159,-0.174,-0.19,-0.203,-0.217,-0.231,-0.245,-0.257,-0.268,-0.279,-0.29,-0.301,-0.313,-0.324,-0.335,-0.344,-0.354,-0.365,-0.374,-0.385,-0.396,-0.41
10,0.828,0.795,0.77,0.743,0.716,0.687,0.658,0.627,0.599,0.569,0.542,0.512,0.484,0.457,0.431,0.406,0.383,0.356,0.335,0.313,0.29,0.269,0.246,0.224,0.204,0.182,0.161,0.141,0.12,0.099,0.079,0.058,0.037,0.016,-0.007,-0.027,-0.047,-0.067,-0.087,-0.104,-0.123,-0.14,-0.156,-0.171,-0.186,-0.202,-0.214,-0.226,-0.241,-0.252,-0.265,-0.278,-0.289,-0.3,-0.31,-0.322,-0.332,-0.342,-0.353,-0.363,-0.373,-0.384,-0.395,-0.408
11,0.834,0.805,0.78,0.754,0.727,0.7,0.672,0.644,0.616,0.585,0.559,0.53,0.5,0.474,0.449,0.422,0.396,0.375,0.349,0.324,0.3,0.28,0.257,0.234,0.213,0.192,0.169,0.149,0.127,0.106,0.085,0.064,0.043,0.022,0.001,-0.02,-0.042,-0.061,-0.082,-0.101,-0.119,-0.134,-0.152,-0.168,-0.182,-0.199,-0.211,-0.225,-0.24,-0.252,-0.264,-0.275,-0.289,-0.299,-0.311,-0.322,-0.332,-0.342,-0.354,-0.364,-0.375,-0.385,-0.396,-0.41
12,0.84,0.809,0.789,0.761,0.735,0.711,0.684,0.657,0.628,0.6,0.572,0.544,0.516,0.49,0.461,0.434,0.411,0.383,0.36,0.333,0.31,0.287,0.264,0.243,0.22,0.197,0.177,0.155,0.134,0.113,0.091,0.071,0.049,0.028,0.007,-0.014,-0.036,-0.057,-0.077,-0.095,-0.113,-0.132,-0.148,-0.165,-0.18,-0.195,-0.209,-0.222,-0.237,-0.249,-0.263,-0.275,-0.286,-0.299,-0.309,-0.321,-0.331,-0.342,-0.352,-0.363,-0.372,-0.384,-0.397,-0.409
13,0.844,0.817,0.794,0.768,0.743,0.718,0.691,0.667,0.641,0.612,0.584,0.557,0.527,0.5,0.472,0.447,0.419,0.392,0.367,0.344,0.319,0.296,0.273,0.249,0.227,0.205,0.183,0.161,0.141,0.119,0.097,0.075,0.054,0.034,0.012,-0.01,-0.03,-0.052,-0.073,-0.092,-0.111,-0.129,-0.146,-0.162,-0.178,-0.192,-0.207,-0.221,-0.234,-0.249,-0.262,-0.274,-0.286,-0.298,-0.309,-0.319,-0.332,-0.341,-0.352,-0.364,-0.374,-0.384,-0.396,-0.409
14,0.845,0.819,0.795,0.772,0.746,0.724,0.697,0.673,0.646,0.617,0.591,0.563,0.536,0.508,0.479,0.453,0.424,0.399,0.374,0.349,0.323,0.3,0.277,0.254,0.231,0.209,0.187,0.164,0.143,0.122,0.1,0.079,0.058,0.037,0.014,-0.008,-0.028,-0.05,-0.071,-0.089,-0.108,-0.126,-0.144,-0.161,-0.175,-0.19,-0.204,-0.218,-0.232,-0.245,-0.257,-0.271,-0.283,-0.293,-0.305,-0.318,-0.327,-0.338,-0.348,-0.359,-0.37,-0.381,-0.393,-0.406
15,0.851,0.825,0.802,0.779,0.756,0.733,0.709,0.686,0.66,0.632,0.606,0.578,0.549,0.521,0.494,0.465,0.439,0.412,0.385,0.361,0.336,0.311,0.285,0.262,0.238,0.214,0.193,0.171,0.15,0.129,0.107,0.085,0.063,0.042,0.02,-0.002,-0.025,-0.046,-0.068,-0.087,-0.105,-0.124,-0.141,-0.156,-0.172,-0.187,-0.202,-0.215,-0.229,-0.242,-0.257,-0.27,-0.282,-0.294,-0.304,-0.315,-0.328,-0.339,-0.349,-0.36,-0.371,-0.381,-0.394,-0.408
16,0.855,0.829,0.806,0.785,0.761,0.738,0.715,0.692,0.666,0.64,0.616,0.587,0.559,0.532,0.504,0.476,0.448,0.421,0.395,0.368,0.343,0.318,0.293,0.268,0.245,0.221,0.197,0.176,0.154,0.134,0.112,0.089,0.068,0.047,0.025,0.003,-0.019,-0.041,-0.062,-0.081,-0.101,-0.12,-0.137,-0.152,-0.169,-0.182,-0.198,-0.213,-0.227,-0.24,-0.254,-0.267,-0.279,-0.293,-0.305,-0.316,-0.326,-0.338,-0.349,-0.359,-0.371,-0.383,-0.394,-0.409
17,0.859,0.833,0.81,0.788,0.767,0.745,0.722,0.698,0.675,0.65,0.625,0.599,0.571,0.544,0.515,0.486,0.458,0.43,0.403,0.374,0.348,0.322,0.298,0.273,0.249,0.226,0.202,0.18,0.158,0.136,0.114,0.093,0.072,0.049,0.027,0.005,-0.016,-0.039,-0.06,-0.079,-0.098,-0.116,-0.133,-0.15,-0.165,-0.18,-0.196,-0.21,-0.224,-0.238,-0.251,-0.265,-0.278,-0.289,-0.302,-0.314,-0.325,-0.337,-0.348,-0.359,-0.369,-0.381,-0.393,-0.407
18,0.861,0.837,0.814,0.792,0.773,0.751,0.729,0.708,0.682,0.658,0.633,0.607,0.579,0.552,0.525,0.494,0.469,0.441,0.411,0.384,0.358,0.33,0.305,0.281,0.255,0.232,0.207,0.185,0.164,0.14,0.119,0.097,0.076,0.054,0.031,0.009,-0.013,-0.036,-0.057,-0.077,-0.096,-0.114,-0.131,-0.147,-0.163,-0.178,-0.193,-0.208,-0.223,-0.236,-0.25,-0.264,-0.276,-0.288,-0.301,-0.312,-0.324,-0.336,-0.348,-0.36,-0.369,-0.381,-0.393,-0.408
19,0.859,0.835,0.812,0.791,0.769,0.748,0.725,0.702,0.68,0.656,0.628,0.602,0.576,0.549,0.523,0.494,0.465,0.437,0.408,0.382,0.356,0.33,0.303,0.278,0.255,0.231,0.207,0.185,0.163,0.14,0.119,0.097,0.076,0.054,0.031,0.009,-0.013,-0.036,-0.057,-0.078,-0.098,-0.115,-0.133,-0.148,-0.164,-0.181,-0.195,-0.208,-0.224,-0.237,-0.25,-0.264,-0.276,-0.288,-0.299,-0.311,-0.323,-0.334,-0.345,-0.357,-0.367,-0.379,-0.391,-0.405
20,0.867,0.843,0.82,0.801,0.781,0.762,0.74,0.717,0.693,0.671,0.646,0.622,0.597,0.57,0.542,0.513,0.484,0.455,0.427,0.397,0.37,0.343,0.316,0.289,0.265,0.24,0.217,0.193,0.17,0.148,0.125,0.104,0.083,0.061,0.038,0.016,-0.006,-0.028,-0.051,-0.071,-0.091,-0.108,-0.125,-0.143,-0.158,-0.174,-0.19,-0.204,-0.22,-0.233,-0.247,-0.26,-0.274,-0.286,-0.299,-0.311,-0.323,-0.334,-0.347,-0.358,-0.369,-0.381,-0.394,-0.408
21,0.868,0.846,0.826,0.805,0.786,0.767,0.746,0.724,0.7,0.678,0.654,0.628,0.603,0.577,0.549,0.522,0.493,0.464,0.435,0.406,0.378,0.351,0.324,0.297,0.27,0.247,0.221,0.198,0.174,0.151,0.128,0.107,0.085,0.064,0.042,0.02,-0.002,-0.026,-0.048,-0.068,-0.088,-0.106,-0.122,-0.138,-0.155,-0.171,-0.187,-0.202,-0.218,-0.231,-0.245,-0.259,-0.272,-0.286,-0.299,-0.311,-0.323,-0.335,-0.346,-0.359,-0.371,-0.382,-0.395,-0.409
22,0.871,0.849,0.828,0.81,0.791,0.77,0.752,0.731,0.706,0.684,0.662,0.637,0.61,0.585,0.558,0.531,0.502,0.473,0.444,0.414,0.386,0.357,0.329,0.303,0.276,0.251,0.227,0.202,0.177,0.154,0.133,0.11,0.089,0.066,0.045,0.023,-0.0,-0.023,-0.045,-0.066,-0.084,-0.102,-0.119,-0.136,-0.152,-0.167,-0.184,-0.2,-0.215,-0.23,-0.244,-0.259,-0.27,-0.284,-0.297,-0.308,-0.321,-0.333,-0.344,-0.357,-0.368,-0.38,-0.393,-0.407
23,0.872,0.851,0.831,0.813,0.795,0.775,0.755,0.735,0.714,0.691,0.669,0.644,0.62,0.594,0.568,0.539,0.511,0.483,0.454,0.424,0.394,0.365,0.336,0.309,0.282,0.256,0.231,0.206,0.182,0.158,0.136,0.114,0.091,0.069,0.048,0.026,0.003,-0.019,-0.041,-0.063,-0.082,-0.1,-0.117,-0.133,-0.151,-0.166,-0.182,-0.197,-0.213,-0.227,-0.241,-0.255,-0.269,-0.282,-0.294,-0.308,-0.319,-0.332,-0.345,-0.356,-0.368,-0.38,-0.393,-0.407
24,0.876,0.854,0.834,0.815,0.798,0.778,0.758,0.738,0.716,0.694,0.673,0.65,0.625,0.6,0.575,0.547,0.519,0.489,0.458,0.429,0.399,0.371,0.341,0.314,0.286,0.26,0.234,0.211,0.186,0.163,0.14,0.118,0.094,0.073,0.05,0.029,0.006,-0.017,-0.039,-0.061,-0.08,-0.097,-0.115,-0.13,-0.147,-0.163,-0.178,-0.195,-0.209,-0.224,-0.238,-0.252,-0.267,-0.28,-0.295,-0.306,-0.318,-0.331,-0.344,-0.355,-0.367,-0.38,-0.393,-0.407
25,0.878,0.857,0.838,0.82,0.802,0.782,0.763,0.743,0.722,0.701,0.679,0.655,0.63,0.606,0.58,0.551,0.523,0.495,0.467,0.436,0.404,0.375,0.346,0.319,0.291,0.263,0.239,0.211,0.189,0.164,0.141,0.117,0.096,0.075,0.053,0.031,0.008,-0.015,-0.038,-0.059,-0.079,-0.096,-0.114,-0.128,-0.145,-0.16,-0.177,-0.193,-0.207,-0.223,-0.238,-0.251,-0.264,-0.279,-0.292,-0.305,-0.318,-0.33,-0.343,-0.354,-0.367,-0.379,-0.391,-0.407
26,0.879,0.858,0.84,0.822,0.804,0.785,0.766,0.746,0.726,0.705,0.682,0.66,0.636,0.611,0.586,0.559,0.533,0.502,0.474,0.44,0.413,0.384,0.352,0.324,0.295,0.269,0.241,0.216,0.19,0.167,0.144,0.121,0.098,0.077,0.055,0.033,0.01,-0.014,-0.037,-0.058,-0.078,-0.093,-0.11,-0.128,-0.144,-0.159,-0.176,-0.189,-0.206,-0.222,-0.235,-0.25,-0.262,-0.277,-0.291,-0.303,-0.317,-0.329,-0.341,-0.353,-0.364,-0.377,-0.39,-0.405
27,0.881,0.86,0.842,0.826,0.809,0.79,0.771,0.751,0.732,0.711,0.688,0.667,0.645,0.62,0.593,0.568,0.541,0.512,0.484,0.452,0.423,0.392,0.362,0.333,0.303,0.276,0.25,0.222,0.197,0.174,0.148,0.126,0.103,0.08,0.058,0.037,0.014,-0.008,-0.032,-0.055,-0.074,-0.09,-0.107,-0.123,-0.14,-0.155,-0.172,-0.188,-0.204,-0.219,-0.233,-0.247,-0.263,-0.276,-0.29,-0.302,-0.315,-0.328,-0.34,-0.353,-0.364,-0.377,-0.391,-0.407
28,0.883,0.862,0.845,0.828,0.81,0.794,0.775,0.756,0.737,0.717,0.695,0.672,0.65,0.626,0.6,0.575,0.547,0.518,0.49,0.46,0.43,0.398,0.368,0.337,0.308,0.279,0.252,0.226,0.202,0.174,0.15,0.126,0.104,0.083,0.06,0.038,0.016,-0.007,-0.03,-0.054,-0.072,-0.089,-0.105,-0.123,-0.139,-0.154,-0.171,-0.189,-0.202,-0.218,-0.233,-0.248,-0.262,-0.275,-0.29,-0.302,-0.315,-0.328,-0.341,-0.353,-0.366,-0.378,-0.391,-0.407
29,0.876,0.856,0.836,0.817,0.8,0.78,0.763,0.742,0.723,0.702,0.679,0.657,0.634,0.611,0.586,0.558,0.534,0.505,0.476,0.446,0.418,0.387,0.357,0.327,0.298,0.271,0.245,0.218,0.193,0.168,0.144,0.122,0.098,0.077,0.055,0.033,0.012,-0.012,-0.036,-0.056,-0.075,-0.091,-0.108,-0.125,-0.141,-0.157,-0.173,-0.187,-0.203,-0.218,-0.232,-0.247,-0.26,-0.274,-0.287,-0.3,-0.313,-0.325,-0.339,-0.349,-0.362,-0.374,-0.387,-0.403
30,0.88,0.861,0.842,0.825,0.808,0.79,0.772,0.753,0.733,0.714,0.691,0.671,0.647,0.623,0.599,0.574,0.545,0.516,0.487,0.458,0.429,0.396,0.365,0.337,0.308,0.28,0.253,0.225,0.2,0.174,0.149,0.128,0.103,0.081,0.059,0.039,0.016,-0.009,-0.032,-0.054,-0.072,-0.092,-0.109,-0.124,-0.14,-0.155,-0.172,-0.188,-0.202,-0.217,-0.231,-0.243,-0.259,-0.272,-0.286,-0.299,-0.31,-0.324,-0.336,-0.348,-0.361,-0.374,-0.387,-0.402
31,0.888,0.867,0.849,0.833,0.818,0.8,0.783,0.764,0.745,0.724,0.705,0.684,0.661,0.64,0.615,0.588,0.562,0.535,0.504,0.475,0.444,0.414,0.382,0.352,0.319,0.289,0.259,0.233,0.207,0.181,0.158,0.133,0.109,0.088,0.064,0.044,0.022,-0.001,-0.026,-0.048,-0.068,-0.084,-0.102,-0.119,-0.135,-0.152,-0.166,-0.182,-0.199,-0.212,-0.228,-0.242,-0.257,-0.272,-0.285,-0.298,-0.311,-0.325,-0.337,-0.349,-0.362,-0.375,-0.389,-0.405
32,0.888,0.87,0.853,0.838,0.82,0.803,0.788,0.769,0.75,0.731,0.712,0.691,0.671,0.647,0.622,0.597,0.57,0.542,0.515,0.484,0.453,0.422,0.39,0.359,0.33,0.296,0.266,0.238,0.209,0.185,0.159,0.135,0.111,0.09,0.068,0.046,0.024,0.0,-0.023,-0.046,-0.065,-0.083,-0.099,-0.115,-0.131,-0.146,-0.163,-0.178,-0.195,-0.209,-0.224,-0.239,-0.254,-0.268,-0.282,-0.296,-0.309,-0.324,-0.336,-0.35,-0.363,-0.376,-0.39,-0.406
33,0.891,0.872,0.855,0.839,0.823,0.807,0.79,0.772,0.754,0.736,0.716,0.695,0.674,0.65,0.629,0.604,0.578,0.551,0.523,0.492,0.461,0.428,0.396,0.364,0.332,0.301,0.27,0.24,0.213,0.186,0.162,0.135,0.112,0.09,0.069,0.047,0.026,0.003,-0.023,-0.044,-0.063,-0.082,-0.098,-0.114,-0.129,-0.145,-0.16,-0.176,-0.192,-0.209,-0.223,-0.237,-0.252,-0.268,-0.281,-0.295,-0.308,-0.322,-0.335,-0.349,-0.363,-0.376,-0.389,-0.406
34,0.889,0.87,0.854,0.839,0.821,0.805,0.789,0.771,0.751,0.733,0.713,0.693,0.671,0.648,0.624,0.601,0.575,0.547,0.518,0.489,0.459,0.427,0.395,0.364,0.329,0.297,0.267,0.236,0.211,0.184,0.158,0.134,0.11,0.088,0.067,0.045,0.022,-0.001,-0.025,-0.048,-0.066,-0.083,-0.099,-0.114,-0.131,-0.146,-0.163,-0.177,-0.193,-0.208,-0.224,-0.239,-0.253,-0.268,-0.282,-0.295,-0.308,-0.32,-0.335,-0.348,-0.361,-0.375,-0.388,-0.404
35,0.892,0.873,0.857,0.841,0.825,0.81,0.793,0.775,0.759,0.74,0.72,0.701,0.68,0.658,0.633,0.61,0.585,0.557,0.529,0.498,0.469,0.437,0.405,0.372,0.338,0.304,0.274,0.244,0.216,0.188,0.164,0.138,0.113,0.091,0.07,0.048,0.027,0.004,-0.021,-0.043,-0.063,-0.08,-0.095,-0.111,-0.127,-0.142,-0.159,-0.173,-0.191,-0.205,-0.219,-0.235,-0.25,-0.264,-0.278,-0.292,-0.306,-0.319,-0.332,-0.346,-0.359,-0.373,-0.387,-0.403
36,0.894,0.875,0.859,0.844,0.828,0.812,0.796,0.781,0.761,0.743,0.725,0.705,0.685,0.663,0.639,0.617,0.589,0.564,0.533,0.505,0.476,0.443,0.411,0.377,0.341,0.309,0.277,0.247,0.216,0.19,0.165,0.139,0.116,0.092,0.071,0.05,0.029,0.007,-0.017,-0.04,-0.06,-0.076,-0.09,-0.108,-0.124,-0.138,-0.155,-0.173,-0.187,-0.203,-0.218,-0.233,-0.248,-0.263,-0.276,-0.292,-0.306,-0.319,-0.334,-0.347,-0.358,-0.373,-0.387,-0.404
37,0.895,0.877,0.862,0.846,0.832,0.816,0.8,0.783,0.766,0.747,0.729,0.709,0.688,0.667,0.643,0.621,0.595,0.568,0.54,0.511,0.48,0.449,0.414,0.38,0.348,0.314,0.281,0.251,0.22,0.192,0.167,0.141,0.115,0.093,0.071,0.05,0.029,0.006,-0.019,-0.043,-0.058,-0.074,-0.09,-0.106,-0.12,-0.138,-0.154,-0.171,-0.187,-0.203,-0.217,-0.232,-0.249,-0.261,-0.277,-0.291,-0.304,-0.318,-0.332,-0.347,-0.36,-0.374,-0.387,-0.404
38,0.895,0.878,0.861,0.846,0.831,0.816,0.799,0.783,0.766,0.747,0.729,0.711,0.69,0.667,0.647,0.622,0.599,0.572,0.544,0.515,0.485,0.452,0.418,0.384,0.348,0.315,0.283,0.251,0.222,0.193,0.167,0.14,0.116,0.093,0.071,0.05,0.03,0.006,-0.017,-0.04,-0.059,-0.073,-0.089,-0.106,-0.122,-0.135,-0.152,-0.168,-0.184,-0.201,-0.216,-0.232,-0.246,-0.261,-0.275,-0.291,-0.303,-0.316,-0.331,-0.343,-0.357,-0.371,-0.386,-0.402
39,0.898,0.881,0.865,0.85,0.835,0.821,0.805,0.79,0.772,0.755,0.736,0.718,0.697,0.678,0.656,0.632,0.607,0.585,0.555,0.527,0.495,0.465,0.429,0.396,0.36,0.324,0.29,0.256,0.227,0.197,0.169,0.142,0.118,0.096,0.074,0.054,0.032,0.01,-0.015,-0.038,-0.056,-0.071,-0.088,-0.102,-0.117,-0.133,-0.149,-0.166,-0.18,-0.196,-0.212,-0.229,-0.243,-0.258,-0.273,-0.288,-0.302,-0.316,-0.329,-0.343,-0.358,-0.371,-0.386,-0.403
40,0.9,0.882,0.866,0.852,0.838,0.822,0.807,0.792,0.775,0.758,0.74,0.721,0.701,0.681,0.66,0.637,0.613,0.585,0.558,0.53,0.5,0.468,0.433,0.4,0.364,0.327,0.291,0.258,0.226,0.197,0.168,0.143,0.119,0.095,0.074,0.053,0.034,0.012,-0.012,-0.038,-0.056,-0.07,-0.086,-0.101,-0.116,-0.131,-0.146,-0.162,-0.178,-0.194,-0.21,-0.226,-0.24,-0.258,-0.272,-0.287,-0.301,-0.315,-0.329,-0.343,-0.357,-0.371,-0.386,-0.402
41,0.9,0.883,0.868,0.853,0.839,0.824,0.809,0.793,0.777,0.761,0.743,0.723,0.704,0.685,0.664,0.641,0.616,0.592,0.566,0.538,0.507,0.475,0.441,0.403,0.368,0.333,0.295,0.26,0.229,0.198,0.172,0.145,0.119,0.097,0.074,0.054,0.034,0.013,-0.011,-0.035,-0.053,-0.068,-0.082,-0.098,-0.114,-0.129,-0.145,-0.161,-0.177,-0.193,-0.209,-0.224,-0.24,-0.254,-0.27,-0.284,-0.297,-0.311,-0.326,-0.34,-0.355,-0.369,-0.383,-0.401
42,0.901,0.884,0.869,0.855,0.841,0.826,0.81,0.796,0.781,0.765,0.746,0.728,0.709,0.69,0.668,0.645,0.624,0.597,0.572,0.542,0.513,0.48,0.445,0.41,0.374,0.336,0.3,0.265,0.231,0.201,0.172,0.146,0.121,0.098,0.075,0.055,0.036,0.015,-0.009,-0.035,-0.053,-0.067,-0.082,-0.096,-0.114,-0.128,-0.143,-0.16,-0.176,-0.191,-0.207,-0.221,-0.237,-0.253,-0.267,-0.282,-0.297,-0.311,-0.326,-0.34,-0.354,-0.37,-0.384,-0.402
43,0.9,0.883,0.869,0.854,0.839,0.825,0.811,0.795,0.778,0.762,0.745,0.728,0.708,0.688,0.666,0.645,0.621,0.595,0.569,0.54,0.511,0.48,0.445,0.408,0.372,0.335,0.298,0.264,0.23,0.199,0.171,0.143,0.119,0.095,0.073,0.053,0.034,0.012,-0.013,-0.036,-0.053,-0.067,-0.084,-0.099,-0.113,-0.129,-0.144,-0.159,-0.175,-0.191,-0.205,-0.222,-0.237,-0.252,-0.266,-0.283,-0.297,-0.311,-0.326,-0.34,-0.354,-0.368,-0.383,-0.4
44,0.904,0.887,0.873,0.859,0.845,0.83,0.815,0.801,0.784,0.768,0.751,0.734,0.715,0.697,0.674,0.652,0.629,0.604,0.578,0.55,0.521,0.49,0.457,0.42,0.382,0.343,0.303,0.268,0.234,0.202,0.172,0.145,0.119,0.096,0.076,0.055,0.035,0.016,-0.008,-0.033,-0.051,-0.065,-0.081,-0.095,-0.109,-0.124,-0.141,-0.155,-0.172,-0.189,-0.203,-0.221,-0.233,-0.25,-0.266,-0.28,-0.294,-0.309,-0.324,-0.339,-0.353,-0.368,-0.383,-0.402
45,0.904,0.888,0.874,0.86,0.845,0.831,0.818,0.802,0.786,0.772,0.754,0.737,0.717,0.698,0.678,0.655,0.633,0.607,0.582,0.554,0.524,0.494,0.461,0.424,0.386,0.344,0.306,0.269,0.236,0.202,0.173,0.147,0.121,0.097,0.075,0.055,0.036,0.015,-0.008,-0.032,-0.05,-0.065,-0.08,-0.094,-0.108,-0.123,-0.139,-0.154,-0.169,-0.185,-0.201,-0.217,-0.232,-0.248,-0.263,-0.278,-0.294,-0.308,-0.323,-0.337,-0.352,-0.368,-0.382,-0.4
46,0.906,0.89,0.876,0.862,0.849,0.835,0.82,0.804,0.79,0.775,0.758,0.739,0.723,0.703,0.682,0.661,0.637,0.614,0.59,0.561,0.53,0.499,0.467,0.431,0.392,0.351,0.313,0.275,0.238,0.205,0.176,0.147,0.122,0.099,0.077,0.057,0.037,0.018,-0.006,-0.029,-0.047,-0.061,-0.076,-0.09,-0.106,-0.12,-0.135,-0.151,-0.167,-0.183,-0.198,-0.215,-0.231,-0.246,-0.26,-0.276,-0.291,-0.306,-0.322,-0.337,-0.351,-0.367,-0.382,-0.4
47,0.906,0.89,0.876,0.862,0.849,0.834,0.82,0.805,0.79,0.775,0.759,0.741,0.724,0.704,0.683,0.661,0.64,0.615,0.59,0.564,0.533,0.5,0.466,0.43,0.391,0.35,0.306,0.272,0.236,0.204,0.173,0.146,0.12,0.098,0.075,0.056,0.036,0.015,-0.009,-0.034,-0.05,-0.065,-0.08,-0.093,-0.108,-0.124,-0.139,-0.154,-0.168,-0.185,-0.2,-0.215,-0.231,-0.247,-0.261,-0.278,-0.291,-0.308,-0.323,-0.336,-0.351,-0.366,-0.382,-0.4
48,0.906,0.891,0.877,0.863,0.85,0.837,0.822,0.808,0.792,0.777,0.762,0.743,0.726,0.707,0.688,0.667,0.644,0.621,0.595,0.567,0.539,0.505,0.474,0.437,0.4,0.357,0.318,0.278,0.242,0.207,0.178,0.149,0.123,0.1,0.078,0.056,0.037,0.018,-0.007,-0.03,-0.048,-0.061,-0.075,-0.091,-0.105,-0.122,-0.134,-0.15,-0.167,-0.182,-0.194,-0.212,-0.228,-0.244,-0.259,-0.274,-0.29,-0.305,-0.319,-0.334,-0.35,-0.366,-0.381,-0.399
49,0.908,0.892,0.878,0.865,0.851,0.838,0.824,0.81,0.796,0.781,0.763,0.747,0.729,0.71,0.69,0.669,0.647,0.622,0.597,0.571,0.543,0.512,0.476,0.44,0.402,0.358,0.315,0.275,0.238,0.205,0.174,0.145,0.12,0.097,0.074,0.056,0.037,0.018,-0.006,-0.029,-0.046,-0.061,-0.074,-0.086,-0.101,-0.115,-0.131,-0.146,-0.161,-0.176,-0.192,-0.207,-0.225,-0.241,-0.255,-0.271,-0.287,-0.302,-0.319,-0.332,-0.348,-0.363,-0.379,-0.398
50,0.91,0.893,0.88,0.867,0.854,0.84,0.827,0.813,0.798,0.782,0.766,0.751,0.732,0.715,0.694,0.675,0.652,0.63,0.604,0.576,0.547,0.516,0.481,0.445,0.406,0.364,0.321,0.28,0.239,0.203,0.173,0.145,0.12,0.097,0.076,0.056,0.038,0.019,-0.005,-0.029,-0.046,-0.06,-0.072,-0.086,-0.1,-0.114,-0.13,-0.143,-0.158,-0.174,-0.19,-0.205,-0.221,-0.237,-0.254,-0.269,-0.286,-0.301,-0.315,-0.331,-0.346,-0.362,-0.379,-0.397
51,0.883,0.864,0.846,0.827,0.81,0.795,0.778,0.76,0.742,0.723,0.706,0.685,0.667,0.646,0.625,0.603,0.58,0.555,0.53,0.506,0.476,0.445,0.415,0.383,0.348,0.311,0.273,0.238,0.205,0.174,0.147,0.121,0.097,0.075,0.054,0.035,0.016,-0.002,-0.026,-0.046,-0.063,-0.077,-0.091,-0.104,-0.118,-0.133,-0.146,-0.16,-0.175,-0.189,-0.202,-0.22,-0.234,-0.246,-0.263,-0.279,-0.293,-0.306,-0.321,-0.335,-0.351,-0.364,-0.38,-0.396
52,0.898,0.881,0.867,0.853,0.838,0.824,0.809,0.794,0.778,0.761,0.744,0.726,0.706,0.688,0.668,0.645,0.622,0.599,0.572,0.545,0.513,0.483,0.45,0.414,0.375,0.337,0.301,0.263,0.228,0.197,0.169,0.141,0.117,0.093,0.072,0.052,0.033,0.013,-0.011,-0.033,-0.051,-0.065,-0.081,-0.093,-0.111,-0.125,-0.14,-0.156,-0.171,-0.186,-0.2,-0.217,-0.23,-0.245,-0.26,-0.275,-0.29,-0.305,-0.318,-0.332,-0.346,-0.36,-0.376,-0.393
53,0.907,0.891,0.878,0.865,0.851,0.838,0.824,0.811,0.796,0.779,0.765,0.748,0.73,0.711,0.692,0.673,0.649,0.626,0.601,0.574,0.545,0.515,0.482,0.445,0.406,0.366,0.322,0.28,0.24,0.206,0.174,0.147,0.12,0.099,0.077,0.056,0.038,0.019,-0.004,-0.028,-0.047,-0.06,-0.076,-0.09,-0.104,-0.119,-0.134,-0.149,-0.164,-0.177,-0.194,-0.208,-0.225,-0.241,-0.256,-0.27,-0.287,-0.301,-0.316,-0.331,-0.345,-0.36,-0.375,-0.394
54,0.91,0.894,0.881,0.868,0.855,0.841,0.829,0.815,0.8,0.786,0.77,0.754,0.736,0.718,0.7,0.68,0.657,0.637,0.609,0.583,0.554,0.524,0.49,0.451,0.414,0.371,0.326,0.284,0.243,0.208,0.177,0.149,0.123,0.1,0.078,0.058,0.039,0.019,-0.005,-0.028,-0.045,-0.059,-0.075,-0.089,-0.102,-0.118,-0.131,-0.146,-0.161,-0.176,-0.192,-0.208,-0.223,-0.239,-0.255,-0.268,-0.284,-0.301,-0.315,-0.33,-0.346,-0.361,-0.377,-0.395
55,0.91,0.894,0.881,0.868,0.856,0.843,0.83,0.815,0.801,0.786,0.771,0.755,0.737,0.72,0.701,0.681,0.659,0.636,0.613,0.586,0.559,0.529,0.497,0.458,0.419,0.377,0.331,0.287,0.245,0.21,0.176,0.148,0.121,0.098,0.077,0.056,0.038,0.02,-0.003,-0.027,-0.045,-0.059,-0.073,-0.089,-0.103,-0.117,-0.132,-0.146,-0.161,-0.176,-0.19,-0.205,-0.222,-0.238,-0.252,-0.268,-0.285,-0.299,-0.316,-0.33,-0.346,-0.36,-0.377,-0.395
56,0.911,0.895,0.882,0.87,0.857,0.845,0.831,0.818,0.804,0.789,0.775,0.758,0.743,0.724,0.705,0.685,0.663,0.642,0.617,0.592,0.564,0.536,0.501,0.465,0.426,0.383,0.337,0.291,0.249,0.211,0.178,0.15,0.124,0.1,0.079,0.059,0.041,0.02,-0.003,-0.027,-0.045,-0.06,-0.075,-0.089,-0.103,-0.118,-0.132,-0.146,-0.161,-0.174,-0.191,-0.206,-0.222,-0.238,-0.252,-0.267,-0.282,-0.299,-0.314,-0.33,-0.344,-0.36,-0.377,-0.394
57,0.913,0.897,0.885,0.872,0.859,0.847,0.834,0.82,0.805,0.792,0.778,0.761,0.745,0.729,0.709,0.69,0.669,0.646,0.621,0.597,0.57,0.54,0.506,0.468,0.428,0.384,0.337,0.293,0.248,0.21,0.177,0.149,0.123,0.099,0.077,0.057,0.039,0.021,-0.002,-0.027,-0.044,-0.057,-0.07,-0.085,-0.099,-0.115,-0.128,-0.14,-0.155,-0.169,-0.185,-0.201,-0.217,-0.233,-0.251,-0.266,-0.281,-0.296,-0.312,-0.328,-0.344,-0.36,-0.377,-0.394
58,0.912,0.898,0.885,0.871,0.86,0.847,0.834,0.82,0.807,0.793,0.777,0.762,0.745,0.728,0.71,0.69,0.669,0.648,0.624,0.598,0.57,0.54,0.507,0.471,0.431,0.387,0.339,0.292,0.246,0.208,0.175,0.146,0.121,0.098,0.076,0.057,0.037,0.02,-0.004,-0.026,-0.042,-0.057,-0.071,-0.084,-0.099,-0.111,-0.125,-0.14,-0.154,-0.169,-0.184,-0.2,-0.216,-0.231,-0.249,-0.264,-0.28,-0.296,-0.311,-0.328,-0.343,-0.359,-0.375,-0.394
59,0.914,0.899,0.885,0.874,0.862,0.849,0.837,0.823,0.81,0.796,0.781,0.765,0.749,0.731,0.715,0.695,0.673,0.651,0.628,0.603,0.575,0.546,0.51,0.475,0.435,0.39,0.342,0.29,0.246,0.206,0.174,0.146,0.12,0.098,0.076,0.056,0.039,0.021,-0.001,-0.026,-0.042,-0.055,-0.07,-0.084,-0.096,-0.111,-0.122,-0.139,-0.153,-0.167,-0.182,-0.197,-0.213,-0.228,-0.245,-0.261,-0.276,-0.293,-0.309,-0.326,-0.341,-0.358,-0.374,-0.393
60,0.914,0.9,0.887,0.875,0.862,0.85,0.837,0.824,0.811,0.798,0.783,0.766,0.75,0.733,0.716,0.697,0.677,0.655,0.631,0.606,0.578,0.547,0.514,0.477,0.436,0.389,0.341,0.293,0.247,0.208,0.174,0.145,0.12,0.096,0.076,0.057,0.038,0.021,-0.002,-0.025,-0.042,-0.055,-0.069,-0.081,-0.097,-0.109,-0.123,-0.138,-0.152,-0.165,-0.181,-0.196,-0.212,-0.228,-0.243,-0.258,-0.276,-0.293,-0.309,-0.324,-0.34,-0.358,-0.373,-0.393
61,0.909,0.892,0.879,0.866,0.852,0.839,0.825,0.811,0.797,0.783,0.767,0.751,0.734,0.716,0.697,0.677,0.655,0.633,0.609,0.582,0.554,0.524,0.49,0.457,0.416,0.376,0.328,0.281,0.238,0.2,0.168,0.142,0.116,0.094,0.072,0.053,0.035,0.014,-0.008,-0.033,-0.05,-0.066,-0.078,-0.091,-0.104,-0.118,-0.129,-0.145,-0.157,-0.174,-0.19,-0.206,-0.22,-0.236,-0.25,-0.267,-0.281,-0.297,-0.312,-0.327,-0.343,-0.358,-0.374,-0.393
62,0.914,0.9,0.887,0.875,0.864,0.851,0.839,0.826,0.812,0.799,0.785,0.769,0.753,0.736,0.718,0.699,0.681,0.657,0.636,0.61,0.584,0.554,0.521,0.486,0.446,0.4,0.351,0.3,0.253,0.214,0.18,0.151,0.125,0.101,0.08,0.059,0.041,0.022,-0.0,-0.025,-0.043,-0.059,-0.074,-0.086,-0.099,-0.113,-0.127,-0.141,-0.157,-0.17,-0.184,-0.202,-0.218,-0.234,-0.249,-0.265,-0.28,-0.295,-0.311,-0.326,-0.342,-0.357,-0.374,-0.393
63,0.906,0.89,0.875,0.862,0.849,0.835,0.82,0.808,0.793,0.779,0.762,0.745,0.728,0.711,0.692,0.672,0.651,0.627,0.606,0.578,0.552,0.522,0.489,0.454,0.416,0.372,0.329,0.281,0.238,0.199,0.168,0.141,0.115,0.092,0.072,0.052,0.034,0.014,-0.009,-0.032,-0.052,-0.067,-0.079,-0.091,-0.107,-0.119,-0.134,-0.146,-0.16,-0.177,-0.192,-0.207,-0.223,-0.239,-0.253,-0.27,-0.284,-0.299,-0.314,-0.33,-0.344,-0.361,-0.376,-0.393
64,0.916,0.902,0.889,0.878,0.865,0.853,0.841,0.828,0.815,0.801,0.787,0.772,0.757,0.74,0.723,0.705,0.684,0.662,0.639,0.617,0.588,0.559,0.528,0.49,0.451,0.407,0.357,0.306,0.258,0.217,0.18,0.15,0.125,0.101,0.08,0.06,0.04,0.023,0.001,-0.023,-0.042,-0.055,-0.07,-0.082,-0.096,-0.109,-0.122,-0.139,-0.153,-0.17,-0.186,-0.202,-0.216,-0.234,-0.249,-0.265,-0.279,-0.295,-0.311,-0.326,-0.343,-0.357,-0.374,-0.393
65,0.917,0.903,0.891,0.879,0.867,0.855,0.843,0.83,0.819,0.805,0.79,0.775,0.76,0.744,0.726,0.708,0.688,0.667,0.644,0.62,0.593,0.563,0.53,0.494,0.452,0.407,0.356,0.304,0.255,0.213,0.18,0.151,0.124,0.101,0.078,0.059,0.041,0.023,0.0,-0.024,-0.042,-0.056,-0.068,-0.08,-0.096,-0.108,-0.121,-0.136,-0.152,-0.167,-0.183,-0.199,-0.214,-0.229,-0.244,-0.261,-0.276,-0.292,-0.308,-0.324,-0.338,-0.356,-0.372,-0.394
66,0.918,0.903,0.892,0.879,0.868,0.856,0.844,0.831,0.818,0.804,0.791,0.775,0.761,0.744,0.727,0.709,0.69,0.669,0.648,0.623,0.595,0.568,0.536,0.498,0.457,0.412,0.362,0.306,0.255,0.212,0.178,0.148,0.124,0.1,0.078,0.059,0.041,0.023,0.001,-0.023,-0.043,-0.057,-0.068,-0.081,-0.094,-0.106,-0.122,-0.134,-0.151,-0.164,-0.18,-0.196,-0.212,-0.228,-0.242,-0.259,-0.275,-0.29,-0.306,-0.322,-0.339,-0.355,-0.372,-0.393
67,0.918,0.904,0.892,0.88,0.868,0.857,0.845,0.833,0.82,0.806,0.792,0.78,0.763,0.749,0.731,0.712,0.693,0.673,0.649,0.627,0.6,0.571,0.537,0.501,0.461,0.414,0.363,0.306,0.255,0.212,0.177,0.147,0.122,0.098,0.076,0.057,0.04,0.023,0.003,-0.024,-0.042,-0.054,-0.063,-0.076,-0.089,-0.103,-0.116,-0.131,-0.146,-0.16,-0.175,-0.191,-0.208,-0.224,-0.239,-0.254,-0.272,-0.287,-0.303,-0.32,-0.337,-0.353,-0.371,-0.391
68,0.919,0.905,0.892,0.881,0.868,0.857,0.845,0.832,0.82,0.806,0.792,0.778,0.763,0.747,0.728,0.711,0.692,0.671,0.648,0.624,0.599,0.568,0.538,0.502,0.461,0.414,0.364,0.307,0.255,0.21,0.175,0.146,0.12,0.096,0.075,0.056,0.038,0.022,-0.0,-0.024,-0.04,-0.054,-0.065,-0.078,-0.092,-0.105,-0.117,-0.132,-0.146,-0.159,-0.174,-0.191,-0.206,-0.221,-0.238,-0.254,-0.269,-0.286,-0.302,-0.32,-0.335,-0.352,-0.371,-0.39
69,0.92,0.906,0.894,0.883,0.871,0.86,0.847,0.835,0.822,0.809,0.795,0.781,0.765,0.751,0.734,0.716,0.697,0.677,0.654,0.63,0.601,0.575,0.541,0.507,0.465,0.419,0.366,0.307,0.254,0.209,0.174,0.143,0.118,0.095,0.075,0.056,0.04,0.022,0.001,-0.023,-0.041,-0.051,-0.065,-0.077,-0.089,-0.101,-0.113,-0.127,-0.141,-0.156,-0.171,-0.187,-0.202,-0.218,-0.235,-0.251,-0.268,-0.284,-0.3,-0.317,-0.334,-0.351,-0.369,-0.389
70,0.92,0.906,0.895,0.883,0.872,0.86,0.848,0.836,0.824,0.81,0.796,0.782,0.767,0.752,0.734,0.717,0.699,0.678,0.655,0.631,0.606,0.578,0.547,0.513,0.473,0.425,0.372,0.313,0.258,0.211,0.174,0.145,0.12,0.095,0.074,0.054,0.039,0.023,0.002,-0.022,-0.04,-0.052,-0.063,-0.075,-0.087,-0.1,-0.113,-0.125,-0.14,-0.154,-0.168,-0.184,-0.2,-0.217,-0.233,-0.249,-0.265,-0.282,-0.3,-0.317,-0.334,-0.352,-0.369,-0.39
71,0.92,0.906,0.894,0.884,0.872,0.86,0.848,0.837,0.824,0.811,0.798,0.784,0.769,0.753,0.736,0.719,0.7,0.68,0.657,0.634,0.607,0.579,0.546,0.512,0.471,0.425,0.374,0.314,0.254,0.208,0.171,0.143,0.116,0.093,0.073,0.054,0.038,0.021,0.001,-0.022,-0.04,-0.053,-0.064,-0.075,-0.085,-0.098,-0.11,-0.124,-0.138,-0.153,-0.169,-0.185,-0.199,-0.215,-0.233,-0.248,-0.265,-0.282,-0.3,-0.315,-0.33,-0.349,-0.368,-0.389
72,0.919,0.905,0.894,0.881,0.871,0.859,0.848,0.836,0.824,0.81,0.796,0.783,0.767,0.751,0.734,0.717,0.698,0.677,0.656,0.631,0.606,0.577,0.545,0.508,0.467,0.42,0.364,0.308,0.251,0.208,0.172,0.141,0.116,0.094,0.073,0.054,0.038,0.021,0.0,-0.026,-0.042,-0.054,-0.064,-0.076,-0.088,-0.099,-0.113,-0.127,-0.14,-0.153,-0.169,-0.185,-0.2,-0.216,-0.231,-0.249,-0.266,-0.282,-0.298,-0.316,-0.332,-0.35,-0.368,-0.389
73,0.921,0.907,0.895,0.884,0.873,0.861,0.85,0.838,0.826,0.813,0.798,0.785,0.77,0.755,0.739,0.721,0.701,0.682,0.66,0.636,0.611,0.582,0.551,0.515,0.471,0.426,0.372,0.311,0.256,0.21,0.175,0.142,0.117,0.093,0.074,0.055,0.039,0.021,0.001,-0.024,-0.04,-0.051,-0.063,-0.076,-0.089,-0.101,-0.113,-0.128,-0.143,-0.155,-0.17,-0.185,-0.201,-0.216,-0.233,-0.25,-0.267,-0.283,-0.3,-0.316,-0.332,-0.35,-0.368,-0.388
74,0.922,0.908,0.896,0.886,0.875,0.862,0.852,0.84,0.828,0.814,0.801,0.787,0.773,0.758,0.74,0.724,0.706,0.685,0.664,0.64,0.616,0.587,0.557,0.523,0.481,0.435,0.381,0.321,0.261,0.211,0.175,0.144,0.119,0.096,0.075,0.057,0.04,0.025,0.003,-0.021,-0.042,-0.053,-0.064,-0.075,-0.083,-0.095,-0.109,-0.123,-0.136,-0.15,-0.164,-0.179,-0.196,-0.212,-0.229,-0.245,-0.264,-0.281,-0.296,-0.314,-0.331,-0.348,-0.366,-0.388
75,0.921,0.907,0.896,0.885,0.873,0.862,0.85,0.839,0.826,0.813,0.8,0.786,0.772,0.757,0.741,0.722,0.703,0.683,0.662,0.637,0.612,0.583,0.55,0.515,0.475,0.429,0.372,0.311,0.254,0.205,0.169,0.14,0.115,0.092,0.071,0.053,0.037,0.02,-0.001,-0.025,-0.04,-0.052,-0.063,-0.076,-0.088,-0.1,-0.113,-0.124,-0.138,-0.152,-0.165,-0.181,-0.197,-0.214,-0.23,-0.245,-0.263,-0.279,-0.296,-0.314,-0.331,-0.348,-0.366,-0.388
76,0.918,0.905,0.893,0.882,0.87,0.859,0.846,0.835,0.821,0.809,0.796,0.782,0.766,0.751,0.733,0.717,0.697,0.677,0.654,0.631,0.603,0.576,0.547,0.511,0.469,0.425,0.374,0.313,0.257,0.208,0.174,0.143,0.117,0.093,0.074,0.055,0.038,0.019,-0.003,-0.027,-0.044,-0.058,-0.072,-0.084,-0.094,-0.105,-0.12,-0.133,-0.143,-0.158,-0.172,-0.186,-0.202,-0.218,-0.234,-0.25,-0.265,-0.283,-0.3,-0.317,-0.332,-0.35,-0.367,-0.388
77,0.922,0.909,0.897,0.887,0.875,0.864,0.853,0.841,0.83,0.817,0.803,0.789,0.774,0.76,0.744,0.728,0.708,0.687,0.667,0.644,0.618,0.591,0.56,0.524,0.484,0.437,0.379,0.318,0.257,0.206,0.171,0.142,0.116,0.093,0.073,0.057,0.04,0.023,0.002,-0.023,-0.041,-0.055,-0.068,-0.076,-0.089,-0.101,-0.115,-0.125,-0.14,-0.152,-0.167,-0.182,-0.195,-0.213,-0.228,-0.245,-0.262,-0.278,-0.296,-0.311,-0.33,-0.347,-0.366,-0.387
78,0.924,0.909,0.899,0.887,0.877,0.865,0.854,0.842,0.831,0.819,0.805,0.792,0.777,0.764,0.747,0.731,0.713,0.693,0.673,0.649,0.626,0.598,0.565,0.529,0.488,0.444,0.388,0.32,0.258,0.207,0.17,0.142,0.116,0.092,0.072,0.054,0.039,0.023,0.001,-0.022,-0.04,-0.052,-0.062,-0.072,-0.085,-0.096,-0.106,-0.119,-0.133,-0.145,-0.161,-0.177,-0.192,-0.208,-0.224,-0.241,-0.259,-0.275,-0.293,-0.312,-0.329,-0.345,-0.364,-0.385
